{
    "comment": "0: fix, 1: G, 2: PD, 3: NS, 4: eqp, 5: eqpG, 6: eqpH",
    "mode": 6,
    "out_path": "../output/out",
    "json_out_path": "../output/out.json",
    "tick": 0.01,
    "axis": [
        0,
        1
    ],
    "xrange": [
        -2.5,
        2.5
    ],
    "yrange": [
        -2.5,
        2.5
    ],
    "x0": [
        0.9251484829174506,
        -1.5464667738471325,
        0.7046033932193042,
        -1.1778063267394745
    ],
    "tau": 3.1886615408586056,
    "params": [
        0.0000000000000000,
        1.3130060000002055,
        0.3333333300000000,
        1.0000000000000000,
        10.0000000000000000
    ],
    "dparams": [
        0.01,
        0.01,
        0.01
    ],
    "p_index": 1,
    "p_place": 0,
    "period": 1,
    "use_classic_rk": true,
    "rk_h": 0.001,
    "rk_atol": 1.0e-06,
    "rk_rtol": 1.0e-06,
    "inc_param": 1,
    "var_param": 0,
    "delta_inc": 0.000001,
    "inc_iter": 1,
    "max_iter": 8,
    "numerical_diff": false,
    "diff_strip": 1.0e-06,
    "eps": 1e-08,
    "explode": 100
}