{
    "mode": 2,
    "out_path": "../output/out",
    "json_out_path": "../output/out.json",
    "tick": 0.01,
    "axis": [
        0,
        1
    ],
    "xrange": [
        -2.5,
        2.5
    ],
    "yrange": [
        -2.5,
        2.5
    ],
    "x0": [
        -0.0000000000000000,
        0.4008828017051642,
        1.6994463345833579,
        0.1548000457135386
    ],
    "tau": 4.6468081100547423,
    "params": [
        0.0000000000000000,
        0.4297000000000000,
        0.3333333300000000,
        1.0000000000000000,
        10.0000000000000000
    ],
    "dparams": [
        0.01,
        0.01,
        0.01
    ],
    "p_index": 0,
    "p_place": 0,
    "period": 1,
    "use_classic_rk": true,
    "rk_h": 0.001,
    "rk_atol": 1.0e-06,
    "rk_rtol": 1.0e-06,
    "inc_param": 0,
    "var_param": 1,
    "delta_inc": 0.001,
    "inc_iter": 2000,
    "max_iter": 32,
    "numerical_diff": true,
    "diff_strip": 1.0e-06,
    "eps": 1e-08,
    "explode": 1
}