{
    "mode": 2,
    "out_path": "../output/out",
    "json_out_path": "../output/out.json",
    "tick": 0.01,
    "axis": [
        0,
        1
    ],
    "xrange": [
        -2.5,
        2.5
    ],
    "yrange": [
        -2.5,
        2.5
    ],
    "x0": [
        -0.0000000000000000,
        1.6896574331294185,
        1.8910533460112673,
        -0.5049720025230922
    ],
    "tau": 3.7561936373039009,
    "params": [
        -0.4098659000000000,
        -0.0268000000000000,
        0.33333333,
        1,
        10
    ],
    "dparams": [
        0.01,
        0.01,
        0.01
    ],
    "p_index": 0,
    "p_place": 0,
    "period": 1,
    "use_classic_rk": true,
    "rk_h": 0.001,
    "rk_atol": 1.0e-06,
    "rk_rtol": 1.0e-06,
    "inc_param": 1,
    "var_param": 0,
    "delta_inc": 0.001,
    "inc_iter": 2000,
    "max_iter": 32,
    "numerical_diff": true,
    "diff_strip": 1.0e-06,
    "eps": 1e-08,
    "explode": 10
}