{
    "mode": 2,
    "out_path": "../output/out",
    "json_out_path": "../output/out.json",
    "tick": 0.01,
    "axis": [
        0,
        1
    ],
    "xrange": [
        -2.5,
        2.5
    ],
    "yrange": [
        -2.5,
        2.5
    ],
    "x0": [
        -0.0000000000000000,
        1.9503689551559547,
        1.7499982296909993,
        -1.0976598202662189
    ],
    "tau": 4.3566445723563207,
    "params": [
        -1.0100000000000000,
        -0.1707999999999999,
        0.3333333300000000,
        1.0000000000000000,
        10.0000000000000000
    ],
    "dparams": [
        0.01,
        0.01,
        0.01
    ],
    "p_index": 0,
    "p_place": 0,
    "period": 1,
    "use_classic_rk": true,
    "rk_h": 0.001,
    "rk_atol": 1.0e-06,
    "rk_rtol": 1.0e-06,
    "inc_param": 1,
    "var_param": 0,
    "delta_inc": 0.001,
    "inc_iter": 2000,
    "max_iter": 64,
    "numerical_diff": true,
    "diff_strip": 1.0e-06,
    "eps": 1e-08,
    "explode": 10
}