{
    "mode": 2,
    "out_path": "../output/out",
    "json_out_path": "../output/out.json",
    "tick": 0.01,
    "axis": [
        0,
        1
    ],
    "xrange": [
        -2.5,
        2.5
    ],
    "yrange": [
        -2.5,
        2.5
    ],
    "x0": [
        1.5364824530579961,
        0.0000000000000000,
        0.9604807218123508,
        -0.2966098578963864
    ],
    "tau": 3.1886615408586056,
    "params": [
        -1.0000000000000011,
        0.6500000000000000,
        0.3333333300000000,
        1.0000000000000000,
        10.0000000000000000
    ],
    "dparams": [
        0.01,
        0.01,
        0.01
    ],
    "p_index": 1,
    "p_place": 0,
    "period": 1,
    "use_classic_rk": true,
    "rkf_first_h": 0.01,
    "rkf_max_h": 0.1,
    "rkf_min_h": 1e-04,
    "rkf_tol": 0.5,
    "rkf_false_iter": 256,
    "inc_param": 1,
    "var_param": 0,
    "delta_inc": -0.001,
    "inc_iter": 2000,
    "max_iter": 32,
    "numerical_diff": true,
    "diff_strip": 1.0e-06,
    "eps": 1e-08,
    "explode": 1
}