{
    "comment": "0: fix, 1: G, 2: PD, 3: NS, 4: eqp, 5: eqpG, 6: eqpH",
    "mode": 6,
    "out_path": "../output/out",
    "json_out_path": "../output/out.json",
    "max_plot": 2000,
    "max_poincare_plot": 1,
    "tick": 0.01,
    "axis": [
        0,
        1
    ],
    "xrange": [
        -2.5,
        2.5
    ],
    "yrange": [
        -2.5,
        2.5
    ],
    "x0": [
        -0.8440485614378641,
        -1.0758162493702761,
        -0.5394313372667671,
        -0.8167995515187128
    ],
    "tau": 3.1886615408586056,
    "params": [
        0.3933020540423046,
        0.8355957028318383,
        0.3333333300000000,
        1.0000000000000000,
        10.0000000000000000
    ],
    "dparams": [
        0.01,
        0.01,
        0.01
    ],
    "p_index": 1,
    "p_place": 0,
    "direction": -1,
    "period": 1,
    "use_classic_rk": true,
    "rkf_first_h": 0.01,
    "rkf_min_h": 1.0e-05,
    "rkf_max_h": 0.1,
    "rkf_tol": 0.5,
    "rkf_false_iter": 256,
    "inc_param": 1,
    "var_param": 0,
    "delta_inc": 0.0001,
    "inc_iter": 15000,
    "max_iter": 16,
    "numerical_diff": false,
    "diff_strip": 1.0e-06,
    "eps": 1e-08,
    "explode": 100
}